Model,Feature_Type,Test_AUC_Mean,Test_AUC_Std,Test_AUPRC_Mean,Test_AUPRC_Std,Test_F1_Mean,Test_F1_Std
CatBoost,Kane,0.5816330465156914,0.03839212007533547,0.07020253911870802,0.01340118136346302,0.06609395350025649,0.04334882041965514
RandomForest,Kane,0.5880445905890778,0.03823588037840986,0.06807031794617781,0.010981685558851305,0.009782541603437125,0.022132086661243208
XGBoost,Kane,0.5788908582615979,0.04498224444974917,0.07126196385660796,0.017425127176097642,0.03257265705072816,0.03154974402337836
