Model,Dimension,Test_AUC_Mean,Test_AUC_Std,Test_AUPRC_Mean,Test_AUPRC_Std,Test_F1_Mean,Test_F1_Std
MLP_1Layer,10,0.658286353154584,0.021908529066072307,0.3339498601978841,0.02405311858151582,0.4207450201764714,0.020694601118032174
MLP_1Layer,50,0.7421045364402591,0.019551663039064436,0.4426880900406589,0.014596293982791012,0.4876484996110175,0.014089257222450559
MLP_1Layer,100,0.738748688142603,0.02975505609617821,0.43671606456753037,0.030259838110327012,0.47975446935150085,0.017173278946362957
MLP_1Layer,1000,0.7309465936677466,0.025899130671482758,0.4232283796978038,0.03918965383082213,0.48995131076867515,0.018035938509751853
