Model,Feature_Type,Test_AUC_Mean,Test_AUC_Std,Test_AUPRC_Mean,Test_AUPRC_Std,Test_F1_Mean,Test_F1_Std
CatBoost,Kane,0.6222634376041742,0.03341696423857122,0.09930986379279763,0.023776458679390922,0.12742976788233537,0.03898706670707302
RandomForest,Kane,0.6469239140871699,0.04040178502693259,0.10416804951752778,0.027236438555302347,0.05950857211648888,0.04580992981956603
XGBoost,Kane,0.6093505366370823,0.048056279844006115,0.08822543583988707,0.023422025129971515,0.05156446345969662,0.03818696718863498
