Model,Dimension,Test_AUC_Mean,Test_AUC_Std,Test_AUPRC_Mean,Test_AUPRC_Std,Test_F1_Mean,Test_F1_Std
MLP_1Layer,10,0.6298799993449608,0.012138469188066778,0.08637274196308005,0.013283220931699211,0.12194025554381278,0.013175600684913816
MLP_1Layer,50,0.6828076623506376,0.033730463813525416,0.12826549244289526,0.04369634530706964,0.13798362063808467,0.019762446324022676
MLP_1Layer,100,0.6725391614744275,0.048372197763005775,0.1148614510183964,0.03333883543513194,0.13690068672410954,0.02388095419052225
MLP_1Layer,1000,0.6650618842507383,0.034957462939982864,0.11599072664167967,0.03018430605142347,0.14003943767188445,0.016819610694335654
