Model,Dimension,Test_AUC_Mean,Test_AUC_Std,Test_AUPRC_Mean,Test_AUPRC_Std,Test_F1_Mean,Test_F1_Std
MLP_2Layer,10,0.6471680667930462,0.022583977306961767,0.3255760546134047,0.033050054877710885,0.40686869900430606,0.014381366367630944
MLP_2Layer,50,0.7484266632728019,0.020117405726166656,0.4556943261963016,0.02470621055688583,0.48255739634417083,0.01546901455323163
MLP_2Layer,100,0.7383493281426807,0.01717427970198248,0.4371732128217145,0.0074236345859192985,0.47684622120167586,0.010993055906443406
MLP_2Layer,1000,0.7341346979675983,0.035413166406370836,0.4398019257714248,0.04297668324484835,0.483395198069157,0.0352993675549604
