Model,Dimension,Test_AUC_Mean,Test_AUC_Std,Test_AUPRC_Mean,Test_AUPRC_Std,Test_F1_Mean,Test_F1_Std
MLP_1Layer,10,0.7166008054033141,0.05150815048468792,0.1478719555637441,0.03710595988455543,0.14763668242515965,0.029620661360757784
MLP_1Layer,50,0.7167490945748838,0.062461774560268295,0.1749566313038698,0.08239292182115276,0.16507981268522684,0.03368957105643231
MLP_1Layer,100,0.7245927276787,0.062804653079188,0.18456757721069977,0.07488607190358462,0.16272686227369762,0.023103587706499562
MLP_1Layer,1000,0.7308667944406899,0.05656809655493398,0.1682886839236619,0.05705974280383759,0.15527729259872117,0.027838908029496467
