Model,Dimension,Test_AUC_Mean,Test_AUC_Std,Test_AUPRC_Mean,Test_AUPRC_Std,Test_F1_Mean,Test_F1_Std
MLP_1Layer,10,0.6798148877338261,0.021298056036591,0.10317651974695699,0.027748557272939293,0.13405196439482842,0.014794007026121204
MLP_1Layer,50,0.6947972399567774,0.025446419169201755,0.11364221790563893,0.01657251383632904,0.14154825185149678,0.021255627898794663
MLP_1Layer,100,0.6699460015520661,0.040453423109451464,0.11072965859502222,0.036434719373320885,0.13430706278199148,0.016756223130966225
MLP_1Layer,1000,0.6659177829992846,0.03798396921384456,0.103668326304812,0.027805095642949085,0.1303324556707121,0.019982239986315382
