Model,Dimension,Test_AUC_Mean,Test_AUC_Std,Test_AUPRC_Mean,Test_AUPRC_Std,Test_F1_Mean,Test_F1_Std
MLP_2Layer,10,0.6289088043205701,0.014901157141768132,0.3266464592584336,0.04360020991377348,0.38681792654791025,0.0177472881348539
MLP_2Layer,50,0.7079694741771381,0.026778632476785656,0.3920536990262663,0.02914168813079644,0.4479425249454027,0.01500748488747104
MLP_2Layer,100,0.7119534598208184,0.014771015833440598,0.3962382168987032,0.03243068892027232,0.45091904504055813,0.020110282714855945
MLP_2Layer,1000,0.7180335497146465,0.02288876284048889,0.412083018750351,0.040281213180042984,0.46191908706498425,0.009851439321649476
