Model,Dimension,Test_AUC_Mean,Test_AUC_Std,Test_AUPRC_Mean,Test_AUPRC_Std,Test_F1_Mean,Test_F1_Std
MLP_2Layer,10,0.578432430486083,0.06358312648151701,0.07961939689294226,0.03253723331397962,0.10956506959577565,0.02877116393221976
MLP_2Layer,50,0.6261518279394934,0.049033114438373424,0.10582528029660303,0.058829658465868524,0.11878911956926282,0.018666571710829135
MLP_2Layer,100,0.633702299702545,0.04013886710239679,0.11342377913744066,0.04549404906705317,0.12414108115789053,0.026468729976404735
MLP_2Layer,1000,0.6543027646485285,0.037460269084370446,0.11574832741569899,0.04749077654939813,0.1303094229120923,0.019872672932135994
