Model,Dimension,Test_AUC_Mean,Test_AUC_Std,Test_AUPRC_Mean,Test_AUPRC_Std,Test_F1_Mean,Test_F1_Std
MLP_1Layer,10,0.6045438324026162,0.03377462721701202,0.11743707528056868,0.05722084946106199,0.1142852727863644,0.01418071475479466
MLP_1Layer,50,0.6330757274336621,0.03974539515858083,0.11286392819182692,0.06324463309601487,0.11973555709130716,0.01397307948135165
MLP_1Layer,100,0.6594208151846565,0.04526381871872802,0.11825080425448889,0.0437395858866209,0.12987746183268545,0.01601263548170211
MLP_1Layer,1000,0.6641352426297876,0.04487516302233651,0.12134645985659867,0.054364746237430525,0.13465146314831566,0.03423856743924002
